V1	Pool number	Sample ID	Barcode Number	SampleID	sampleID	cohort	ID	brain_region	mouse_ID	fastq_names	plate	brain_region_long	age	sex
1	BA1	CA1_olf_1	1	CA1_olf_1	BulkSeq_olf_1	CA1	CA1_olf_1	olf	1	BA1_CA1_olf_1_1	P23	Olfactory bulb	12	Female
3	BA1	CA1_olf_3	3	CA1_olf_3	BulkSeq_olf_3	CA1	CA1_olf_3	olf	3	BA1_CA1_olf_3_1	P23	Olfactory bulb	12	Male
4	BA1	CA1_olf_4	4	CA1_olf_4	BulkSeq_olf_4	CA1	CA1_olf_4	olf	4	BA1_CA1_olf_4_1	P23	Olfactory bulb	12	Female
6	BA1	CA1_olf_6	14	CA1_olf_6	BulkSeq_olf_6	CA1	CA1_olf_6	olf	6	BA1_CA1_olf_6_1	P23	Olfactory bulb	12	Male
7	BA1	CA1_olf_7	15	CA1_olf_7	BulkSeq_olf_7	CA1	CA1_olf_7	olf	7	BA1_CA1_olf_7_1	P23	Olfactory bulb	12	Female
9	BA1	CA1_cor_22	25	CA1_cor_22	BulkSeq_cor_22	CA1	CA1_cor_22	cor	22	BA1_CA1_cor_22_1	P23	Motor cortex	15	Male
12	BA1	CA1_cor_25	28	CA1_cor_25	BulkSeq_cor_25	CA1	CA1_cor_25	cor	25	BA1_CA1_cor_25_1	P23	Motor cortex	3	Male
13	BA1	CA1_cor_26	29	CA1_cor_26	BulkSeq_cor_26	CA1	CA1_cor_26	cor	26	BA1_CA1_cor_26_1	P23	Motor cortex	15	Male
16	BA1	CA1_cor_29	32	CA1_cor_29	BulkSeq_cor_29	CA1	CA1_cor_29	cor	29	BA1_CA1_cor_29_1	P23	Motor cortex	3	Male
17	BA2	CA1_olf_17	1	CA1_olf_17	BulkSeq_olf_17	CA1	CA1_olf_17	olf	17	BA2_CA1_olf_17_1	P23	Olfactory bulb	3	Male
18	BA2	CA1_olf_18	2	CA1_olf_18	BulkSeq_olf_18	CA1	CA1_olf_18	olf	18	BA2_CA1_olf_18_1	P23	Olfactory bulb	15	Male
21	BA2	CA1_olf_21	13	CA1_olf_21	BulkSeq_olf_21	CA1	CA1_olf_21	olf	21	BA2_CA1_olf_21_1	P23	Olfactory bulb	3	Male
22	BA2	CA1_olf_22	14	CA1_olf_22	BulkSeq_olf_22	CA1	CA1_olf_22	olf	22	BA2_CA1_olf_22_1	P23	Olfactory bulb	15	Male
25	BA2	CA1_cor_30	25	CA1_cor_30	BulkSeq_cor_30	CA1	CA1_cor_30	cor	30	BA2_CA1_cor_30_1	P23	Motor cortex	15	Male
28	BA2	CA1_cor_33	28	CA1_cor_33	BulkSeq_cor_33	CA1	CA1_cor_33	cor	33	BA2_CA1_cor_33_1	P23	Motor cortex	3	Male
29	BA2	CA1_cor_34	29	CA1_cor_34	BulkSeq_cor_34	CA1	CA1_cor_34	cor	34	BA2_CA1_cor_34_1	P23	Motor cortex	15	Male
32	BA2	CA1_cor_37	32	CA1_cor_37	BulkSeq_cor_37	CA1	CA1_cor_37	cor	37	BA2_CA1_cor_37_1	P23	Motor cortex	3	Female
33	BA3	CA1_olf_33	1	CA1_olf_33	BulkSeq_olf_33	CA1	CA1_olf_33	olf	33	BA3_CA1_olf_33_1	P23	Olfactory bulb	3	Male
34	BA3	CA1_olf_34	2	CA1_olf_34	BulkSeq_olf_34	CA1	CA1_olf_34	olf	34	BA3_CA1_olf_34_1	P23	Olfactory bulb	15	Male
37	BA3	CA1_olf_37	13	CA1_olf_37	BulkSeq_olf_37	CA1	CA1_olf_37	olf	37	BA3_CA1_olf_37_1	P23	Olfactory bulb	3	Female
38	BA3	CA1_olf_38	14	CA1_olf_38	BulkSeq_olf_38	CA1	CA1_olf_38	olf	38	BA3_CA1_olf_38_1	P23	Olfactory bulb	15	Female
41	BA3	CA1_olf_41	25	CA1_olf_41	BulkSeq_olf_41	CA1	CA1_olf_41	olf	41	BA3_CA1_olf_41_1	P23	Olfactory bulb	3	Female
42	BA3	CA1_olf_42	26	CA1_olf_42	BulkSeq_olf_42	CA1	CA1_olf_42	olf	42	BA3_CA1_olf_42_1	P23	Olfactory bulb	15	Female
45	BA3	CA1_olf_45	29	CA1_olf_45	BulkSeq_olf_45	CA1	CA1_olf_45	olf	45	BA3_CA1_olf_45_1	P23	Olfactory bulb	3	Female
46	BA3	CA1_olf_46	30	CA1_olf_46	BulkSeq_olf_46	CA1	CA1_olf_46	olf	46	BA3_CA1_olf_46_1	P23	Olfactory bulb	15	Female
49	BA4	CA1_olf_49	1	CA1_olf_49	BulkSeq_olf_49	CA1	CA1_olf_49	olf	49	BA4_CA1_olf_49_1	P23	Olfactory bulb	3	Female
50	BA4	CA1_olf_50	2	CA1_olf_50	BulkSeq_olf_50	CA1	CA1_olf_50	olf	50	BA4_CA1_olf_50_1	P23	Olfactory bulb	15	Female
53	BA4	CA1_olf_53	13	CA1_olf_53	BulkSeq_olf_53	CA1	CA1_olf_53	olf	53	BA4_CA1_olf_53_1	P23	Olfactory bulb	3	Female
54	BA4	CA1_olf_54	14	CA1_olf_54	BulkSeq_olf_54	CA1	CA1_olf_54	olf	54	BA4_CA1_olf_54_1	P23	Olfactory bulb	15	Female
60	BA4	CA1_cor_1	28	CA1_cor_1	BulkSeq_cor_1	CA1	CA1_cor_1	cor	1	BA4_CA1_cor_1_1	P23	Motor cortex	12	Female
62	BA4	CA1_cor_3	30	CA1_cor_3	BulkSeq_cor_3	CA1	CA1_cor_3	cor	3	BA4_CA1_cor_3_1	P23	Motor cortex	12	Male
63	BA4	CA1_cor_4	31	CA1_cor_4	BulkSeq_cor_4	CA1	CA1_cor_4	cor	4	BA4_CA1_cor_4_1	P23	Motor cortex	12	Female
65	BA5	CA1_olf_9	1	CA1_olf_9	BulkSeq_olf_9	CA1	CA1_olf_9	olf	9	BA5_CA1_olf_9_1	P23	Olfactory bulb	12	Male
66	BA5	CA1_olf_10	2	CA1_olf_10	BulkSeq_olf_10	CA1	CA1_olf_10	olf	10	BA5_CA1_olf_10_1	P23	Olfactory bulb	12	Female
69	BA5	CA1_olf_13	13	CA1_olf_13	BulkSeq_olf_13	CA1	CA1_olf_13	olf	13	BA5_CA1_olf_13_1	P23	Olfactory bulb	12	Female
71	BA5	CA1_olf_15	15	CA1_olf_15	BulkSeq_olf_15	CA1	CA1_olf_15	olf	15	BA5_CA1_olf_15_1	P23	Olfactory bulb	12	Male
73	BA5	CA1_cor_6	25	CA1_cor_6	BulkSeq_cor_6	CA1	CA1_cor_6	cor	6	BA5_CA1_cor_6_1	P23	Motor cortex	12	Male
74	BA5	CA1_cor_7	26	CA1_cor_7	BulkSeq_cor_7	CA1	CA1_cor_7	cor	7	BA5_CA1_cor_7_1	P23	Motor cortex	12	Female
76	BA5	CA1_cor_9	28	CA1_cor_9	BulkSeq_cor_9	CA1	CA1_cor_9	cor	9	BA5_CA1_cor_9_1	P23	Motor cortex	12	Male
77	BA5	CA1_cor_10	29	CA1_cor_10	BulkSeq_cor_10	CA1	CA1_cor_10	cor	10	BA5_CA1_cor_10_1	P23	Motor cortex	12	Female
79	BA5	CA1_cor_12	31	CA1_cor_12	BulkSeq_cor_12	CA1	CA1_cor_12	cor	12	BA5_CA1_cor_12_1	P23	Motor cortex	12	Male
80	BA5	CA1_cor_13	32	CA1_cor_13	BulkSeq_cor_13	CA1	CA1_cor_13	cor	13	BA5_CA1_cor_13_1	P23	Motor cortex	12	Female
81	BA6	CA1_olf_25	1	CA1_olf_25	BulkSeq_olf_25	CA1	CA1_olf_25	olf	25	BA6_CA1_olf_25_1	P23	Olfactory bulb	3	Male
82	BA6	CA1_olf_26	2	CA1_olf_26	BulkSeq_olf_26	CA1	CA1_olf_26	olf	26	BA6_CA1_olf_26_1	P23	Olfactory bulb	15	Male
85	BA6	CA1_olf_29	13	CA1_olf_29	BulkSeq_olf_29	CA1	CA1_olf_29	olf	29	BA6_CA1_olf_29_1	P23	Olfactory bulb	3	Male
86	BA6	CA1_olf_30	14	CA1_olf_30	BulkSeq_olf_30	CA1	CA1_olf_30	olf	30	BA6_CA1_olf_30_1	P23	Olfactory bulb	15	Male
90	BA6	CA1_cor_15	26	CA1_cor_15	BulkSeq_cor_15	CA1	CA1_cor_15	cor	15	BA6_CA1_cor_15_1	P23	Motor cortex	12	Male
92	BA6	CA1_cor_17	28	CA1_cor_17	BulkSeq_cor_17	CA1	CA1_cor_17	cor	17	BA6_CA1_cor_17_1	P23	Motor cortex	3	Male
93	BA6	CA1_cor_18	29	CA1_cor_18	BulkSeq_cor_18	CA1	CA1_cor_18	cor	18	BA6_CA1_cor_18_1	P23	Motor cortex	15	Male
96	BA6	CA1_cor_21	32	CA1_cor_21	BulkSeq_cor_21	CA1	CA1_cor_21	cor	21	BA6_CA1_cor_21_1	P23	Motor cortex	3	Male
97	BA7	CA1_cor_38	1	CA1_cor_38	BulkSeq_cor_38	CA1	CA1_cor_38	cor	38	BA7_CA1_cor_38_1	P24	Motor cortex	15	Female
100	BA7	CA1_cor_41	4	CA1_cor_41	BulkSeq_cor_41	CA1	CA1_cor_41	cor	41	BA7_CA1_cor_41_1	P24	Motor cortex	3	Female
101	BA7	CA1_cor_42	13	CA1_cor_42	BulkSeq_cor_42	CA1	CA1_cor_42	cor	42	BA7_CA1_cor_42_1	P24	Motor cortex	15	Female
104	BA7	CA1_cor_45	16	CA1_cor_45	BulkSeq_cor_45	CA1	CA1_cor_45	cor	45	BA7_CA1_cor_45_1	P24	Motor cortex	3	Female
105	BA7	CA1_cor_46	25	CA1_cor_46	BulkSeq_cor_46	CA1	CA1_cor_46	cor	46	BA7_CA1_cor_46_1	P24	Motor cortex	15	Female
108	BA7	CA1_cor_49	28	CA1_cor_49	BulkSeq_cor_49	CA1	CA1_cor_49	cor	49	BA7_CA1_cor_49_1	P24	Motor cortex	3	Female
109	BA7	CA1_cor_50	29	CA1_cor_50	BulkSeq_cor_50	CA1	CA1_cor_50	cor	50	BA7_CA1_cor_50_1	P24	Motor cortex	15	Female
112	BA7	CA1_cor_53	32	CA1_cor_53	BulkSeq_cor_53	CA1	CA1_cor_53	cor	53	BA7_CA1_cor_53_1	P24	Motor cortex	3	Female
113	BA8	CA1_cor_54	1	CA1_cor_54	BulkSeq_cor_54	CA1	CA1_cor_54	cor	54	BA8_CA1_cor_54_1	P24	Motor cortex	15	Female
119	BA8	CA1_cp_1	15	CA1_cp_1	BulkSeq_cp_1	CA1	CA1_cp_1	cp	1	BA8_CA1_cp_1_1	P24	Caudate putamen	12	Female
121	BA8	CA1_cp_3	25	CA1_cp_3	BulkSeq_cp_3	CA1	CA1_cp_3	cp	3	BA8_CA1_cp_3_1	P24	Caudate putamen	12	Male
122	BA8	CA1_cp_4	26	CA1_cp_4	BulkSeq_cp_4	CA1	CA1_cp_4	cp	4	BA8_CA1_cp_4_1	P24	Caudate putamen	12	Female
124	BA8	CA1_cp_6	28	CA1_cp_6	BulkSeq_cp_6	CA1	CA1_cp_6	cp	6	BA8_CA1_cp_6_1	P24	Caudate putamen	12	Male
125	BA8	CA1_cp_7	29	CA1_cp_7	BulkSeq_cp_7	CA1	CA1_cp_7	cp	7	BA8_CA1_cp_7_1	P24	Caudate putamen	12	Female
127	BA8	CA1_cp_9	31	CA1_cp_9	BulkSeq_cp_9	CA1	CA1_cp_9	cp	9	BA8_CA1_cp_9_1	P24	Caudate putamen	12	Male
128	BA8	CA1_cp_10	32	CA1_cp_10	BulkSeq_cp_10	CA1	CA1_cp_10	cp	10	BA8_CA1_cp_10_1	P24	Caudate putamen	12	Female
130	BA9	CA1_cp_12	2	CA1_cp_12	BulkSeq_cp_12	CA1	CA1_cp_12	cp	12	BA9_CA1_cp_12_1	P24	Caudate putamen	12	Male
131	BA9	CA1_cp_13	3	CA1_cp_13	BulkSeq_cp_13	CA1	CA1_cp_13	cp	13	BA9_CA1_cp_13_1	P24	Caudate putamen	12	Female
133	BA9	CA1_cp_15	13	CA1_cp_15	BulkSeq_cp_15	CA1	CA1_cp_15	cp	15	BA9_CA1_cp_15_1	P24	Caudate putamen	12	Male
135	BA9	CA1_cp_17	15	CA1_cp_17	BulkSeq_cp_17	CA1	CA1_cp_17	cp	17	BA9_CA1_cp_17_1	P24	Caudate putamen	3	Male
136	BA9	CA1_cp_18	16	CA1_cp_18	BulkSeq_cp_18	CA1	CA1_cp_18	cp	18	BA9_CA1_cp_18_1	P24	Caudate putamen	15	Male
139	BA9	CA1_cp_21	27	CA1_cp_21	BulkSeq_cp_21	CA1	CA1_cp_21	cp	21	BA9_CA1_cp_21_1	P24	Caudate putamen	3	Male
140	BA9	CA1_cp_22	28	CA1_cp_22	BulkSeq_cp_22	CA1	CA1_cp_22	cp	22	BA9_CA1_cp_22_1	P24	Caudate putamen	15	Male
144	BA9	CA1_cp_26	32	CA1_cp_26	BulkSeq_cp_26	CA1	CA1_cp_26	cp	26	BA9_CA1_cp_26_1	P24	Caudate putamen	15	Male
148	BA10	CA1_cp_29	4	CA1_cp_29	BulkSeq_cp_29	CA1	CA1_cp_29	cp	29	BA10_CA1_cp_29_1	P24	Caudate putamen	3	Male
149	BA10	CA1_cp_30	13	CA1_cp_30	BulkSeq_cp_30	CA1	CA1_cp_30	cp	30	BA10_CA1_cp_30_1	P24	Caudate putamen	15	Male
152	BA10	CA1_cp_33	16	CA1_cp_33	BulkSeq_cp_33	CA1	CA1_cp_33	cp	33	BA10_CA1_cp_33_1	P24	Caudate putamen	3	Male
155	BA10	CA1_cp_37	27	CA1_cp_37	BulkSeq_cp_37	CA1	CA1_cp_37	cp	37	BA10_CA1_cp_37_1	P24	Caudate putamen	3	Female
156	BA10	CA1_cp_38	28	CA1_cp_38	BulkSeq_cp_38	CA1	CA1_cp_38	cp	38	BA10_CA1_cp_38_1	P24	Caudate putamen	15	Female
159	BA10	CA1_cp_41	31	CA1_cp_41	BulkSeq_cp_41	CA1	CA1_cp_41	cp	41	BA10_CA1_cp_41_1	P24	Caudate putamen	3	Female
160	BA10	CA1_cp_42	32	CA1_cp_42	BulkSeq_cp_42	CA1	CA1_cp_42	cp	42	BA10_CA1_cp_42_1	P24	Caudate putamen	15	Female
163	BA11	CA1_cp_45	3	CA1_cp_45	BulkSeq_cp_45	CA1	CA1_cp_45	cp	45	BA11_CA1_cp_45_1	P24	Caudate putamen	3	Female
164	BA11	CA1_cp_46	4	CA1_cp_46	BulkSeq_cp_46	CA1	CA1_cp_46	cp	46	BA11_CA1_cp_46_1	P24	Caudate putamen	15	Female
167	BA11	CA1_cp_49	15	CA1_cp_49	BulkSeq_cp_49	CA1	CA1_cp_49	cp	49	BA11_CA1_cp_49_1	P24	Caudate putamen	3	Female
168	BA11	CA1_cp_50	16	CA1_cp_50	BulkSeq_cp_50	CA1	CA1_cp_50	cp	50	BA11_CA1_cp_50_1	P24	Caudate putamen	15	Female
171	BA11	CA1_cp_53	27	CA1_cp_53	BulkSeq_cp_53	CA1	CA1_cp_53	cp	53	BA11_CA1_cp_53_1	P24	Caudate putamen	3	Female
172	BA11	CA1_cp_54	28	CA1_cp_54	BulkSeq_cp_54	CA1	CA1_cp_54	cp	54	BA11_CA1_cp_54_1	P24	Caudate putamen	15	Female
178	BA12	CA1_svz_1	2	CA1_svz_1	BulkSeq_svz_1	CA1	CA1_svz_1	svz	1	BA12_CA1_svz_1_1	P24	Subventricular zone	12	Female
180	BA12	CA1_svz_3	4	CA1_svz_3	BulkSeq_svz_3	CA1	CA1_svz_3	svz	3	BA12_CA1_svz_3_1	P24	Subventricular zone	12	Male
181	BA12	CA1_svz_4	13	CA1_svz_4	BulkSeq_svz_4	CA1	CA1_svz_4	svz	4	BA12_CA1_svz_4_1	P24	Subventricular zone	12	Female
183	BA12	CA1_svz_6	15	CA1_svz_6	BulkSeq_svz_6	CA1	CA1_svz_6	svz	6	BA12_CA1_svz_6_1	P24	Subventricular zone	12	Male
184	BA12	CA1_svz_7	16	CA1_svz_7	BulkSeq_svz_7	CA1	CA1_svz_7	svz	7	BA12_CA1_svz_7_1	P24	Subventricular zone	12	Female
186	BA12	CA1_svz_9	26	CA1_svz_9	BulkSeq_svz_9	CA1	CA1_svz_9	svz	9	BA12_CA1_svz_9_1	P24	Subventricular zone	12	Male
187	BA12	CA1_svz_10	27	CA1_svz_10	BulkSeq_svz_10	CA1	CA1_svz_10	svz	10	BA12_CA1_svz_10_1	P24	Subventricular zone	12	Female
189	BA12	CA1_svz_12	29	CA1_svz_12	BulkSeq_svz_12	CA1	CA1_svz_12	svz	12	BA12_CA1_svz_12_1	P24	Subventricular zone	12	Male
190	BA12	CA1_svz_13	30	CA1_svz_13	BulkSeq_svz_13	CA1	CA1_svz_13	svz	13	BA12_CA1_svz_13_1	P24	Subventricular zone	12	Female
192	BA12	CA1_svz_15	32	CA1_svz_15	BulkSeq_svz_15	CA1	CA1_svz_15	svz	15	BA12_CA1_svz_15_1	P24	Subventricular zone	12	Male
194	BA13	CA1_svz_17	2	CA1_svz_17	BulkSeq_svz_17	CA1	CA1_svz_17	svz	17	BA13_CA1_svz_17_1	P25	Subventricular zone	3	Male
195	BA13	CA1_svz_18	3	CA1_svz_18	BulkSeq_svz_18	CA1	CA1_svz_18	svz	18	BA13_CA1_svz_18_1	P25	Subventricular zone	15	Male
198	BA13	CA1_svz_21	14	CA1_svz_21	BulkSeq_svz_21	CA1	CA1_svz_21	svz	21	BA13_CA1_svz_21_1	P25	Subventricular zone	3	Male
199	BA13	CA1_svz_22	15	CA1_svz_22	BulkSeq_svz_22	CA1	CA1_svz_22	svz	22	BA13_CA1_svz_22_1	P25	Subventricular zone	15	Male
202	BA13	CA1_svz_25	26	CA1_svz_25	BulkSeq_svz_25	CA1	CA1_svz_25	svz	25	BA13_CA1_svz_25_1	P25	Subventricular zone	3	Male
203	BA13	CA1_svz_26	27	CA1_svz_26	BulkSeq_svz_26	CA1	CA1_svz_26	svz	26	BA13_CA1_svz_26_1	P25	Subventricular zone	15	Male
206	BA13	CA1_svz_29	30	CA1_svz_29	BulkSeq_svz_29	CA1	CA1_svz_29	svz	29	BA13_CA1_svz_29_1	P25	Subventricular zone	3	Male
207	BA13	CA1_svz_30	31	CA1_svz_30	BulkSeq_svz_30	CA1	CA1_svz_30	svz	30	BA13_CA1_svz_30_1	P25	Subventricular zone	15	Male
210	BA14	CA1_svz_33	2	CA1_svz_33	BulkSeq_svz_33	CA1	CA1_svz_33	svz	33	BA14_CA1_svz_33_1	P25	Subventricular zone	3	Male
211	BA14	CA1_svz_34	3	CA1_svz_34	BulkSeq_svz_34	CA1	CA1_svz_34	svz	34	BA14_CA1_svz_34_1	P25	Subventricular zone	15	Male
214	BA14	CA1_svz_37	14	CA1_svz_37	BulkSeq_svz_37	CA1	CA1_svz_37	svz	37	BA14_CA1_svz_37_1	P25	Subventricular zone	3	Female
215	BA14	CA1_svz_38	15	CA1_svz_38	BulkSeq_svz_38	CA1	CA1_svz_38	svz	38	BA14_CA1_svz_38_1	P25	Subventricular zone	15	Female
218	BA14	CA1_svz_41	26	CA1_svz_41	BulkSeq_svz_41	CA1	CA1_svz_41	svz	41	BA14_CA1_svz_41_1	P25	Subventricular zone	3	Female
219	BA14	CA1_svz_42	27	CA1_svz_42	BulkSeq_svz_42	CA1	CA1_svz_42	svz	42	BA14_CA1_svz_42_1	P25	Subventricular zone	15	Female
222	BA14	CA1_svz_45	30	CA1_svz_45	BulkSeq_svz_45	CA1	CA1_svz_45	svz	45	BA14_CA1_svz_45_1	P25	Subventricular zone	3	Female
223	BA14	CA1_svz_46	31	CA1_svz_46	BulkSeq_svz_46	CA1	CA1_svz_46	svz	46	BA14_CA1_svz_46_1	P25	Subventricular zone	15	Female
226	BA15	CA1_svz_49	2	CA1_svz_49	BulkSeq_svz_49	CA1	CA1_svz_49	svz	49	BA15_CA1_svz_49_1	P25	Subventricular zone	3	Female
227	BA15	CA1_svz_50	3	CA1_svz_50	BulkSeq_svz_50	CA1	CA1_svz_50	svz	50	BA15_CA1_svz_50_1	P25	Subventricular zone	15	Female
230	BA15	CA1_svz_53	14	CA1_svz_53	BulkSeq_svz_53	CA1	CA1_svz_53	svz	53	BA15_CA1_svz_53_1	P25	Subventricular zone	3	Female
231	BA15	CA1_svz_54	15	CA1_svz_54	BulkSeq_svz_54	CA1	CA1_svz_54	svz	54	BA15_CA1_svz_54_1	P25	Subventricular zone	15	Female
237	BA15	CA1_cc_3	31	CA1_cc_3	BulkSeq_cc_3	CA1	CA1_cc_3	cc	3	BA15_CA1_cc_3_1	P25	Corpus callosum	12	Male
238	BA15	CA1_cc_4	32	CA1_cc_4	BulkSeq_cc_4	CA1	CA1_cc_4	cc	4	BA15_CA1_cc_4_1	P25	Corpus callosum	12	Female
240	BA16	CA1_cc_6	2	CA1_cc_6	BulkSeq_cc_6	CA1	CA1_cc_6	cc	6	BA16_CA1_cc_6_1	P25	Corpus callosum	12	Male
241	BA16	CA1_cc_7	3	CA1_cc_7	BulkSeq_cc_7	CA1	CA1_cc_7	cc	7	BA16_CA1_cc_7_1	P25	Corpus callosum	12	Female
243	BA16	CA1_cc_9	13	CA1_cc_9	BulkSeq_cc_9	CA1	CA1_cc_9	cc	9	BA16_CA1_cc_9_1	P25	Corpus callosum	12	Male
244	BA16	CA1_cc_10	14	CA1_cc_10	BulkSeq_cc_10	CA1	CA1_cc_10	cc	10	BA16_CA1_cc_10_1	P25	Corpus callosum	12	Female
246	BA16	CA1_cc_12	16	CA1_cc_12	BulkSeq_cc_12	CA1	CA1_cc_12	cc	12	BA16_CA1_cc_12_1	P25	Corpus callosum	12	Male
247	BA16	CA1_cc_13	25	CA1_cc_13	BulkSeq_cc_13	CA1	CA1_cc_13	cc	13	BA16_CA1_cc_13_1	P25	Corpus callosum	12	Female
249	BA16	CA1_cc_15	27	CA1_cc_15	BulkSeq_cc_15	CA1	CA1_cc_15	cc	15	BA16_CA1_cc_15_1	P25	Corpus callosum	12	Male
251	BA16	CA1_cc_17	29	CA1_cc_17	BulkSeq_cc_17	CA1	CA1_cc_17	cc	17	BA16_CA1_cc_17_1	P25	Corpus callosum	3	Male
252	BA16	CA1_cc_18	30	CA1_cc_18	BulkSeq_cc_18	CA1	CA1_cc_18	cc	18	BA16_CA1_cc_18_1	P25	Corpus callosum	15	Male
255	BA17	CA1_cc_21	1	CA1_cc_21	BulkSeq_cc_21	CA1	CA1_cc_21	cc	21	BA17_CA1_cc_21_1	P25	Corpus callosum	3	Male
256	BA17	CA1_cc_22	2	CA1_cc_22	BulkSeq_cc_22	CA1	CA1_cc_22	cc	22	BA17_CA1_cc_22_1	P25	Corpus callosum	15	Male
259	BA17	CA1_cc_25	13	CA1_cc_25	BulkSeq_cc_25	CA1	CA1_cc_25	cc	25	BA17_CA1_cc_25_1	P25	Corpus callosum	3	Male
260	BA17	CA1_cc_26	14	CA1_cc_26	BulkSeq_cc_26	CA1	CA1_cc_26	cc	26	BA17_CA1_cc_26_1	P25	Corpus callosum	15	Male
263	BA17	CA1_cc_29	25	CA1_cc_29	BulkSeq_cc_29	CA1	CA1_cc_29	cc	29	BA17_CA1_cc_29_1	P25	Corpus callosum	3	Male
264	BA17	CA1_cc_30	26	CA1_cc_30	BulkSeq_cc_30	CA1	CA1_cc_30	cc	30	BA17_CA1_cc_30_1	P25	Corpus callosum	15	Male
267	BA17	CA1_cc_33	29	CA1_cc_33	BulkSeq_cc_33	CA1	CA1_cc_33	cc	33	BA17_CA1_cc_33_1	P25	Corpus callosum	3	Male
268	BA17	CA1_cc_34	30	CA1_cc_34	BulkSeq_cc_34	CA1	CA1_cc_34	cc	34	BA17_CA1_cc_34_1	P25	Corpus callosum	15	Male
271	BA18	CA1_cc_37	1	CA1_cc_37	BulkSeq_cc_37	CA1	CA1_cc_37	cc	37	BA18_CA1_cc_37_1	P25	Corpus callosum	3	Female
272	BA18	CA1_cc_38	2	CA1_cc_38	BulkSeq_cc_38	CA1	CA1_cc_38	cc	38	BA18_CA1_cc_38_1	P25	Corpus callosum	15	Female
275	BA18	CA1_cc_41	13	CA1_cc_41	BulkSeq_cc_41	CA1	CA1_cc_41	cc	41	BA18_CA1_cc_41_1	P25	Corpus callosum	3	Female
276	BA18	CA1_cc_42	14	CA1_cc_42	BulkSeq_cc_42	CA1	CA1_cc_42	cc	42	BA18_CA1_cc_42_1	P25	Corpus callosum	15	Female
279	BA18	CA1_cc_45	25	CA1_cc_45	BulkSeq_cc_45	CA1	CA1_cc_45	cc	45	BA18_CA1_cc_45_1	P25	Corpus callosum	3	Female
280	BA18	CA1_cc_46	26	CA1_cc_46	BulkSeq_cc_46	CA1	CA1_cc_46	cc	46	BA18_CA1_cc_46_1	P25	Corpus callosum	15	Female
283	BA18	CA1_cc_49	29	CA1_cc_49	BulkSeq_cc_49	CA1	CA1_cc_49	cc	49	BA18_CA1_cc_49_1	P25	Corpus callosum	3	Female
284	BA18	CA1_cc_50	30	CA1_cc_50	BulkSeq_cc_50	CA1	CA1_cc_50	cc	50	BA18_CA1_cc_50_1	P25	Corpus callosum	15	Female
287	BA19	CA1_cc_53	1	CA1_cc_53	BulkSeq_cc_53	CA1	CA1_cc_53	cc	53	BA19_CA1_cc_53_1	P26	Corpus callosum	3	Female
288	BA19	CA1_cc_54	2	CA1_cc_54	BulkSeq_cc_54	CA1	CA1_cc_54	cc	54	BA19_CA1_cc_54_1	P26	Corpus callosum	15	Female
294	BA19	CA1_th_1	16	CA1_th_1	BulkSeq_th_1	CA1	CA1_th_1	th	1	BA19_CA1_th_1_1	P26	Thalamus	12	Female
296	BA19	CA1_th_3	26	CA1_th_3	BulkSeq_th_3	CA1	CA1_th_3	th	3	BA19_CA1_th_3_1	P26	Thalamus	12	Male
297	BA19	CA1_th_4	27	CA1_th_4	BulkSeq_th_4	CA1	CA1_th_4	th	4	BA19_CA1_th_4_1	P26	Thalamus	12	Female
299	BA19	CA1_th_6	29	CA1_th_6	BulkSeq_th_6	CA1	CA1_th_6	th	6	BA19_CA1_th_6_1	P26	Thalamus	12	Male
300	BA19	CA1_th_7	30	CA1_th_7	BulkSeq_th_7	CA1	CA1_th_7	th	7	BA19_CA1_th_7_1	P26	Thalamus	12	Female
302	BA19	CA1_th_9	32	CA1_th_9	BulkSeq_th_9	CA1	CA1_th_9	th	9	BA19_CA1_th_9_1	P26	Thalamus	12	Male
303	BA20	CA1_th_10	1	CA1_th_10	BulkSeq_th_10	CA1	CA1_th_10	th	10	BA20_CA1_th_10_1	P26	Thalamus	12	Female
305	BA20	CA1_th_12	3	CA1_th_12	BulkSeq_th_12	CA1	CA1_th_12	th	12	BA20_CA1_th_12_1	P26	Thalamus	12	Male
306	BA20	CA1_th_13	4	CA1_th_13	BulkSeq_th_13	CA1	CA1_th_13	th	13	BA20_CA1_th_13_1	P26	Thalamus	12	Female
308	BA20	CA1_th_15	14	CA1_th_15	BulkSeq_th_15	CA1	CA1_th_15	th	15	BA20_CA1_th_15_1	P26	Thalamus	12	Male
310	BA20	CA1_th_17	16	CA1_th_17	BulkSeq_th_17	CA1	CA1_th_17	th	17	BA20_CA1_th_17_1	P26	Thalamus	3	Male
313	BA20	CA1_hy_1	27	CA1_hy_1	BulkSeq_hy_1	CA1	CA1_hy_1	hy	1	BA20_CA1_hy_1_1	P26	Hypothalamus	12	Female
315	BA20	CA1_hy_3	29	CA1_hy_3	BulkSeq_hy_3	CA1	CA1_hy_3	hy	3	BA20_CA1_hy_3_1	P26	Hypothalamus	12	Male
316	BA20	CA1_hy_4	30	CA1_hy_4	BulkSeq_hy_4	CA1	CA1_hy_4	hy	4	BA20_CA1_hy_4_1	P26	Hypothalamus	12	Female
318	BA20	CA1_hy_6	32	CA1_hy_6	BulkSeq_hy_6	CA1	CA1_hy_6	hy	6	BA20_CA1_hy_6_1	P26	Hypothalamus	12	Male
319	BA21	CA1_th_18	1	CA1_th_18	BulkSeq_th_18	CA1	CA1_th_18	th	18	BA21_CA1_th_18_1	P26	Thalamus	15	Male
322	BA21	CA1_th_21	4	CA1_th_21	BulkSeq_th_21	CA1	CA1_th_21	th	21	BA21_CA1_th_21_1	P26	Thalamus	3	Male
323	BA21	CA1_th_22	13	CA1_th_22	BulkSeq_th_22	CA1	CA1_th_22	th	22	BA21_CA1_th_22_1	P26	Thalamus	15	Male
326	BA21	CA1_th_25	16	CA1_th_25	BulkSeq_th_25	CA1	CA1_th_25	th	25	BA21_CA1_th_25_1	P26	Thalamus	3	Male
327	BA21	CA1_th_26	25	CA1_th_26	BulkSeq_th_26	CA1	CA1_th_26	th	26	BA21_CA1_th_26_1	P26	Thalamus	15	Male
330	BA21	CA1_th_29	28	CA1_th_29	BulkSeq_th_29	CA1	CA1_th_29	th	29	BA21_CA1_th_29_1	P26	Thalamus	3	Male
331	BA21	CA1_th_30	29	CA1_th_30	BulkSeq_th_30	CA1	CA1_th_30	th	30	BA21_CA1_th_30_1	P26	Thalamus	15	Male
334	BA21	CA1_th_33	32	CA1_th_33	BulkSeq_th_33	CA1	CA1_th_33	th	33	BA21_CA1_th_33_1	P26	Thalamus	3	Male
335	BA22	CA1_th_34	1	CA1_th_34	BulkSeq_th_34	CA1	CA1_th_34	th	34	BA22_CA1_th_34_1	P26	Thalamus	15	Male
338	BA22	CA1_th_37	4	CA1_th_37	BulkSeq_th_37	CA1	CA1_th_37	th	37	BA22_CA1_th_37_1	P26	Thalamus	3	Female
339	BA22	CA1_th_38	13	CA1_th_38	BulkSeq_th_38	CA1	CA1_th_38	th	38	BA22_CA1_th_38_1	P26	Thalamus	15	Female
342	BA22	CA1_th_41	16	CA1_th_41	BulkSeq_th_41	CA1	CA1_th_41	th	41	BA22_CA1_th_41_1	P26	Thalamus	3	Female
343	BA22	CA1_th_42	25	CA1_th_42	BulkSeq_th_42	CA1	CA1_th_42	th	42	BA22_CA1_th_42_1	P26	Thalamus	15	Female
346	BA22	CA1_th_45	28	CA1_th_45	BulkSeq_th_45	CA1	CA1_th_45	th	45	BA22_CA1_th_45_1	P26	Thalamus	3	Female
347	BA22	CA1_th_46	29	CA1_th_46	BulkSeq_th_46	CA1	CA1_th_46	th	46	BA22_CA1_th_46_1	P26	Thalamus	15	Female
350	BA22	CA1_th_49	32	CA1_th_49	BulkSeq_th_49	CA1	CA1_th_49	th	49	BA22_CA1_th_49_1	P26	Thalamus	3	Female
351	BA23	CA1_th_50	1	CA1_th_50	BulkSeq_th_50	CA1	CA1_th_50	th	50	BA23_CA1_th_50_1	P26	Thalamus	15	Female
354	BA23	CA1_th_53	4	CA1_th_53	BulkSeq_th_53	CA1	CA1_th_53	th	53	BA23_CA1_th_53_1	P26	Thalamus	3	Female
355	BA23	CA1_th_54	13	CA1_th_54	BulkSeq_th_54	CA1	CA1_th_54	th	54	BA23_CA1_th_54_1	P26	Thalamus	15	Female
375	BA24	CA1_hy_10	25	CA1_hy_10	BulkSeq_hy_10	CA1	CA1_hy_10	hy	10	BA24_CA1_hy_10_1	P26	Hypothalamus	12	Female
377	BA24	CA1_hy_12	27	CA1_hy_12	BulkSeq_hy_12	CA1	CA1_hy_12	hy	12	BA24_CA1_hy_12_1	P26	Hypothalamus	12	Male
378	BA24	CA1_hy_13	28	CA1_hy_13	BulkSeq_hy_13	CA1	CA1_hy_13	hy	13	BA24_CA1_hy_13_1	P26	Hypothalamus	12	Female
385	BA25	CA1_hy_33	3	CA1_hy_33	BulkSeq_hy_33	CA1	CA1_hy_33	hy	33	BA25_CA1_hy_33_1	P27	Hypothalamus	3	Male
386	BA25	CA1_hy_34	4	CA1_hy_34	BulkSeq_hy_34	CA1	CA1_hy_34	hy	34	BA25_CA1_hy_34_1	P27	Hypothalamus	15	Male
389	BA25	CA1_hy_37	15	CA1_hy_37	BulkSeq_hy_37	CA1	CA1_hy_37	hy	37	BA25_CA1_hy_37_1	P27	Hypothalamus	3	Female
390	BA25	CA1_hy_38	16	CA1_hy_38	BulkSeq_hy_38	CA1	CA1_hy_38	hy	38	BA25_CA1_hy_38_1	P27	Hypothalamus	15	Female
391	BA25	CA1_hi_4	25	CA1_hi_4	BulkSeq_hi_4	CA1	CA1_hi_4	hi	4	BA25_CA1_hi_4_1	P27	Hippocampus (anterior)	12	Female
393	BA25	CA1_hi_6	27	CA1_hi_6	BulkSeq_hi_6	CA1	CA1_hi_6	hi	6	BA25_CA1_hi_6_1	P27	Hippocampus (anterior)	12	Male
394	BA25	CA1_hi_7	28	CA1_hi_7	BulkSeq_hi_7	CA1	CA1_hi_7	hi	7	BA25_CA1_hi_7_1	P27	Hippocampus (anterior)	12	Female
396	BA25	CA1_hi_9	30	CA1_hi_9	BulkSeq_hi_9	CA1	CA1_hi_9	hi	9	BA25_CA1_hi_9_1	P27	Hippocampus (anterior)	12	Male
397	BA25	CA1_hi_10	31	CA1_hi_10	BulkSeq_hi_10	CA1	CA1_hi_10	hi	10	BA25_CA1_hi_10_1	P27	Hippocampus (anterior)	12	Female
401	BA26	CA1_hy_41	3	CA1_hy_41	BulkSeq_hy_41	CA1	CA1_hy_41	hy	41	BA26_CA1_hy_41_1	P27	Hypothalamus	3	Female
402	BA26	CA1_hy_42	4	CA1_hy_42	BulkSeq_hy_42	CA1	CA1_hy_42	hy	42	BA26_CA1_hy_42_1	P27	Hypothalamus	15	Female
405	BA26	CA1_hy_45	15	CA1_hy_45	BulkSeq_hy_45	CA1	CA1_hy_45	hy	45	BA26_CA1_hy_45_1	P27	Hypothalamus	3	Female
406	BA26	CA1_hy_46	16	CA1_hy_46	BulkSeq_hy_46	CA1	CA1_hy_46	hy	46	BA26_CA1_hy_46_1	P27	Hypothalamus	15	Female
407	BA26	CA1_hi_12	25	CA1_hi_12	BulkSeq_hi_12	CA1	CA1_hi_12	hi	12	BA26_CA1_hi_12_1	P27	Hippocampus (anterior)	12	Male
408	BA26	CA1_hi_13	26	CA1_hi_13	BulkSeq_hi_13	CA1	CA1_hi_13	hi	13	BA26_CA1_hi_13_1	P27	Hippocampus (anterior)	12	Female
410	BA26	CA1_hi_15	28	CA1_hi_15	BulkSeq_hi_15	CA1	CA1_hi_15	hi	15	BA26_CA1_hi_15_1	P27	Hippocampus (anterior)	12	Male
412	BA26	CA1_hi_17	30	CA1_hi_17	BulkSeq_hi_17	CA1	CA1_hi_17	hi	17	BA26_CA1_hi_17_1	P27	Hippocampus (anterior)	3	Male
413	BA26	CA1_hi_18	31	CA1_hi_18	BulkSeq_hi_18	CA1	CA1_hi_18	hi	18	BA26_CA1_hi_18_1	P27	Hippocampus (anterior)	15	Male
417	BA27	CA1_hy_49	3	CA1_hy_49	BulkSeq_hy_49	CA1	CA1_hy_49	hy	49	BA27_CA1_hy_49_1	P27	Hypothalamus	3	Female
418	BA27	CA1_hy_50	4	CA1_hy_50	BulkSeq_hy_50	CA1	CA1_hy_50	hy	50	BA27_CA1_hy_50_1	P27	Hypothalamus	15	Female
421	BA27	CA1_hy_53	15	CA1_hy_53	BulkSeq_hy_53	CA1	CA1_hy_53	hy	53	BA27_CA1_hy_53_1	P27	Hypothalamus	3	Female
422	BA27	CA1_hy_54	16	CA1_hy_54	BulkSeq_hy_54	CA1	CA1_hy_54	hy	54	BA27_CA1_hy_54_1	P27	Hypothalamus	15	Female
424	BA27	CA1_hi_21	26	CA1_hi_21	BulkSeq_hi_21	CA1	CA1_hi_21	hi	21	BA27_CA1_hi_21_1	P27	Hippocampus (anterior)	3	Male
425	BA27	CA1_hi_22	27	CA1_hi_22	BulkSeq_hi_22	CA1	CA1_hi_22	hi	22	BA27_CA1_hi_22_1	P27	Hippocampus (anterior)	15	Male
428	BA27	CA1_hi_25	30	CA1_hi_25	BulkSeq_hi_25	CA1	CA1_hi_25	hi	25	BA27_CA1_hi_25_1	P27	Hippocampus (anterior)	3	Male
429	BA27	CA1_hi_26	31	CA1_hi_26	BulkSeq_hi_26	CA1	CA1_hi_26	hi	26	BA27_CA1_hi_26_1	P27	Hippocampus (anterior)	15	Male
436	BA28	CA1_hi_1	14	CA1_hi_1	BulkSeq_hi_1	CA1	CA1_hi_1	hi	1	BA28_CA1_hi_1_1	P27	Hippocampus (anterior)	12	Female
439	BA28	CA1_hi_29	25	CA1_hi_29	BulkSeq_hi_29	CA1	CA1_hi_29	hi	29	BA28_CA1_hi_29_1	P27	Hippocampus (anterior)	3	Male
440	BA28	CA1_hi_30	26	CA1_hi_30	BulkSeq_hi_30	CA1	CA1_hi_30	hi	30	BA28_CA1_hi_30_1	P27	Hippocampus (anterior)	15	Male
443	BA28	CA1_hi_33	29	CA1_hi_33	BulkSeq_hi_33	CA1	CA1_hi_33	hi	33	BA28_CA1_hi_33_1	P27	Hippocampus (anterior)	3	Male
444	BA28	CA1_hi_34	30	CA1_hi_34	BulkSeq_hi_34	CA1	CA1_hi_34	hi	34	BA28_CA1_hi_34_1	P27	Hippocampus (anterior)	15	Male
448	BA29	CA1_hi_37	2	CA1_hi_37	BulkSeq_hi_37	CA1	CA1_hi_37	hi	37	BA29_CA1_hi_37_1	P27	Hippocampus (anterior)	3	Female
449	BA29	CA1_hi_38	3	CA1_hi_38	BulkSeq_hi_38	CA1	CA1_hi_38	hi	38	BA29_CA1_hi_38_1	P27	Hippocampus (anterior)	15	Female
452	BA29	CA1_hi_41	14	CA1_hi_41	BulkSeq_hi_41	CA1	CA1_hi_41	hi	41	BA29_CA1_hi_41_1	P27	Hippocampus (anterior)	3	Female
453	BA29	CA1_hi_42	15	CA1_hi_42	BulkSeq_hi_42	CA1	CA1_hi_42	hi	42	BA29_CA1_hi_42_1	P27	Hippocampus (anterior)	15	Female
455	BA29	CA1_plx_1	25	CA1_plx_1	BulkSeq_plx_1	CA1	CA1_plx_1	plx	1	BA29_CA1_plx_1_1	P27	Choroid Plexus	12	Female
457	BA29	CA1_plx_3	27	CA1_plx_3	BulkSeq_plx_3	CA1	CA1_plx_3	plx	3	BA29_CA1_plx_3_1	P27	Choroid Plexus	12	Male
458	BA29	CA1_hi2_4	28	CA1_hi2_4	BulkSeq_hi2_4	CA1	CA1_hi2_4	hi2	4	BA29_CA1_hi2_4_1	P27	Hippocampus (posterior)	12	Female
460	BA29	CA1_plx_6	30	CA1_plx_6	BulkSeq_plx_6	CA1	CA1_plx_6	plx	6	BA29_CA1_plx_6_1	P27	Choroid Plexus	12	Male
461	BA29	CA1_plx_7	31	CA1_plx_7	BulkSeq_plx_7	CA1	CA1_plx_7	plx	7	BA29_CA1_plx_7_1	P27	Choroid Plexus	12	Female
464	BA30	CA1_hi_45	2	CA1_hi_45	BulkSeq_hi_45	CA1	CA1_hi_45	hi	45	BA30_CA1_hi_45_1	P27	Hippocampus (anterior)	3	Female
465	BA30	CA1_hi_46	3	CA1_hi_46	BulkSeq_hi_46	CA1	CA1_hi_46	hi	46	BA30_CA1_hi_46_1	P27	Hippocampus (anterior)	15	Female
468	BA30	CA1_hi_49	14	CA1_hi_49	BulkSeq_hi_49	CA1	CA1_hi_49	hi	49	BA30_CA1_hi_49_1	P27	Hippocampus (anterior)	3	Female
469	BA30	CA1_hi_50	15	CA1_hi_50	BulkSeq_hi_50	CA1	CA1_hi_50	hi	50	BA30_CA1_hi_50_1	P27	Hippocampus (anterior)	15	Female
472	BA30	CA1_hi_53	26	CA1_hi_53	BulkSeq_hi_53	CA1	CA1_hi_53	hi	53	BA30_CA1_hi_53_1	P27	Hippocampus (anterior)	3	Female
473	BA30	CA1_hi_54	27	CA1_hi_54	BulkSeq_hi_54	CA1	CA1_hi_54	hi	54	BA30_CA1_hi_54_1	P27	Hippocampus (anterior)	15	Female
479	BA31	CA1_plx_9	1	CA1_plx_9	BulkSeq_plx_9	CA1	CA1_plx_9	plx	9	BA31_CA1_plx_9_1	P28	Choroid Plexus	12	Male
480	BA31	CA1_plx_10	2	CA1_plx_10	BulkSeq_plx_10	CA1	CA1_plx_10	plx	10	BA31_CA1_plx_10_1	P28	Choroid Plexus	12	Female
482	BA31	CA1_plx_12	4	CA1_plx_12	BulkSeq_plx_12	CA1	CA1_plx_12	plx	12	BA31_CA1_plx_12_1	P28	Choroid Plexus	12	Male
483	BA31	CA1_plx_13	13	CA1_plx_13	BulkSeq_plx_13	CA1	CA1_plx_13	plx	13	BA31_CA1_plx_13_1	P28	Choroid Plexus	12	Female
485	BA31	CA1_plx_15	15	CA1_plx_15	BulkSeq_plx_15	CA1	CA1_plx_15	plx	15	BA31_CA1_plx_15_1	P28	Choroid Plexus	12	Male
490	BA31	CA1_hi2_1	28	CA1_hi2_1	BulkSeq_hi2_1	CA1	CA1_hi2_1	hi2	1	BA31_CA1_hi2_1_1	P28	Hippocampus (posterior)	12	Female
492	BA31	CA1_vis_3	30	CA1_vis_3	BulkSeq_vis_3	CA1	CA1_vis_3	vis	3	BA31_CA1_vis_3_1	P28	Visual Cortex	12	Male
493	BA31	CA1_plx_4	31	CA1_plx_4	BulkSeq_plx_4	CA1	CA1_plx_4	plx	4	BA31_CA1_plx_4_1	P28	Choroid Plexus	12	Female
495	BA32	CA1_plx_17	1	CA1_plx_17	BulkSeq_plx_17	CA1	CA1_plx_17	plx	17	BA32_CA1_plx_17_1	P28	Choroid Plexus	3	Male
496	BA32	CA1_plx_18	2	CA1_plx_18	BulkSeq_plx_18	CA1	CA1_plx_18	plx	18	BA32_CA1_plx_18_1	P28	Choroid Plexus	15	Male
499	BA32	CA1_plx_21	13	CA1_plx_21	BulkSeq_plx_21	CA1	CA1_plx_21	plx	21	BA32_CA1_plx_21_1	P28	Choroid Plexus	3	Male
501	BA32	CA1_plx_22	15	CA1_plx_22	BulkSeq_plx_22	CA1	CA1_plx_22	plx	22	BA32_CA1_plx_22_1	P28	Choroid Plexus	15	Male
503	BA32	CA1_hi2_6	25	CA1_hi2_6	BulkSeq_hi2_6	CA1	CA1_hi2_6	hi2	6	BA32_CA1_hi2_6_1	P28	Hippocampus (posterior)	12	Male
504	BA32	CA1_hi2_7	26	CA1_hi2_7	BulkSeq_hi2_7	CA1	CA1_hi2_7	hi2	7	BA32_CA1_hi2_7_1	P28	Hippocampus (posterior)	12	Female
506	BA32	CA1_hi2_9	28	CA1_hi2_9	BulkSeq_hi2_9	CA1	CA1_hi2_9	hi2	9	BA32_CA1_hi2_9_1	P28	Hippocampus (posterior)	12	Male
507	BA32	CA1_hi2_10	29	CA1_hi2_10	BulkSeq_hi2_10	CA1	CA1_hi2_10	hi2	10	BA32_CA1_hi2_10_1	P28	Hippocampus (posterior)	12	Female
509	BA32	CA1_hi2_12	31	CA1_hi2_12	BulkSeq_hi2_12	CA1	CA1_hi2_12	hi2	12	BA32_CA1_hi2_12_1	P28	Hippocampus (posterior)	12	Male
510	BA32	CA1_hi2_13	32	CA1_hi2_13	BulkSeq_hi2_13	CA1	CA1_hi2_13	hi2	13	BA32_CA1_hi2_13_1	P28	Hippocampus (posterior)	12	Female
511	BA33	CA1_plx_25	1	CA1_plx_25	BulkSeq_plx_25	CA1	CA1_plx_25	plx	25	BA33_CA1_plx_25_1	P28	Choroid Plexus	3	Male
512	BA33	CA1_plx_26	2	CA1_plx_26	BulkSeq_plx_26	CA1	CA1_plx_26	plx	26	BA33_CA1_plx_26_1	P28	Choroid Plexus	15	Male
515	BA33	CA1_plx_29	13	CA1_plx_29	BulkSeq_plx_29	CA1	CA1_plx_29	plx	29	BA33_CA1_plx_29_1	P28	Choroid Plexus	3	Male
516	BA33	CA1_plx_30	14	CA1_plx_30	BulkSeq_plx_30	CA1	CA1_plx_30	plx	30	BA33_CA1_plx_30_1	P28	Choroid Plexus	15	Male
520	BA33	CA1_hi2_15	26	CA1_hi2_15	BulkSeq_hi2_15	CA1	CA1_hi2_15	hi2	15	BA33_CA1_hi2_15_1	P28	Hippocampus (posterior)	12	Male
522	BA33	CA1_hi2_17	28	CA1_hi2_17	BulkSeq_hi2_17	CA1	CA1_hi2_17	hi2	17	BA33_CA1_hi2_17_1	P28	Hippocampus (posterior)	3	Male
523	BA33	CA1_hi2_18	29	CA1_hi2_18	BulkSeq_hi2_18	CA1	CA1_hi2_18	hi2	18	BA33_CA1_hi2_18_1	P28	Hippocampus (posterior)	15	Male
526	BA33	CA1_hi2_21	32	CA1_hi2_21	BulkSeq_hi2_21	CA1	CA1_hi2_21	hi2	21	BA33_CA1_hi2_21_1	P28	Hippocampus (posterior)	3	Male
527	BA34	CA1_plx_33	1	CA1_plx_33	BulkSeq_plx_33	CA1	CA1_plx_33	plx	33	BA34_CA1_plx_33_1	P28	Choroid Plexus	3	Male
528	BA34	CA1_plx_34	2	CA1_plx_34	BulkSeq_plx_34	CA1	CA1_plx_34	plx	34	BA34_CA1_plx_34_1	P28	Choroid Plexus	15	Male
531	BA34	CA1_plx_37	13	CA1_plx_37	BulkSeq_plx_37	CA1	CA1_plx_37	plx	37	BA34_CA1_plx_37_1	P28	Choroid Plexus	3	Female
532	BA34	CA1_plx_38	14	CA1_plx_38	BulkSeq_plx_38	CA1	CA1_plx_38	plx	38	BA34_CA1_plx_38_1	P28	Choroid Plexus	15	Female
535	BA34	CA1_hi2_22	25	CA1_hi2_22	BulkSeq_hi2_22	CA1	CA1_hi2_22	hi2	22	BA34_CA1_hi2_22_1	P28	Hippocampus (posterior)	15	Male
538	BA34	CA1_hi2_25	28	CA1_hi2_25	BulkSeq_hi2_25	CA1	CA1_hi2_25	hi2	25	BA34_CA1_hi2_25_1	P28	Hippocampus (posterior)	3	Male
539	BA34	CA1_hi2_26	29	CA1_hi2_26	BulkSeq_hi2_26	CA1	CA1_hi2_26	hi2	26	BA34_CA1_hi2_26_1	P28	Hippocampus (posterior)	15	Male
542	BA34	CA1_hi2_29	32	CA1_hi2_29	BulkSeq_hi2_29	CA1	CA1_hi2_29	hi2	29	BA34_CA1_hi2_29_1	P28	Hippocampus (posterior)	3	Male
543	BA35	CA1_plx_41	1	CA1_plx_41	BulkSeq_plx_41	CA1	CA1_plx_41	plx	41	BA35_CA1_plx_41_1	P28	Choroid Plexus	3	Female
544	BA35	CA1_plx_42	2	CA1_plx_42	BulkSeq_plx_42	CA1	CA1_plx_42	plx	42	BA35_CA1_plx_42_1	P28	Choroid Plexus	15	Female
547	BA35	CA1_plx_45	13	CA1_plx_45	BulkSeq_plx_45	CA1	CA1_plx_45	plx	45	BA35_CA1_plx_45_1	P28	Choroid Plexus	3	Female
548	BA35	CA1_plx_46	14	CA1_plx_46	BulkSeq_plx_46	CA1	CA1_plx_46	plx	46	BA35_CA1_plx_46_1	P28	Choroid Plexus	15	Female
551	BA35	CA1_hi2_30	25	CA1_hi2_30	BulkSeq_hi2_30	CA1	CA1_hi2_30	hi2	30	BA35_CA1_hi2_30_1	P28	Hippocampus (posterior)	15	Male
554	BA35	CA1_hi2_33	28	CA1_hi2_33	BulkSeq_hi2_33	CA1	CA1_hi2_33	hi2	33	BA35_CA1_hi2_33_1	P28	Hippocampus (posterior)	3	Male
555	BA35	CA1_hi2_34	29	CA1_hi2_34	BulkSeq_hi2_34	CA1	CA1_hi2_34	hi2	34	BA35_CA1_hi2_34_1	P28	Hippocampus (posterior)	15	Male
558	BA35	CA1_hi2_37	32	CA1_hi2_37	BulkSeq_hi2_37	CA1	CA1_hi2_37	hi2	37	BA35_CA1_hi2_37_1	P28	Hippocampus (posterior)	3	Female
559	BA36	CA1_plx_49	1	CA1_plx_49	BulkSeq_plx_49	CA1	CA1_plx_49	plx	49	BA36_CA1_plx_49_1	P28	Choroid Plexus	3	Female
560	BA36	CA1_plx_50	2	CA1_plx_50	BulkSeq_plx_50	CA1	CA1_plx_50	plx	50	BA36_CA1_plx_50_1	P28	Choroid Plexus	15	Female
563	BA36	CA1_plx_53	13	CA1_plx_53	BulkSeq_plx_53	CA1	CA1_plx_53	plx	53	BA36_CA1_plx_53_1	P28	Choroid Plexus	3	Female
564	BA36	CA1_plx_54	14	CA1_plx_54	BulkSeq_plx_54	CA1	CA1_plx_54	plx	54	BA36_CA1_plx_54_1	P28	Choroid Plexus	15	Female
567	BA36	CA1_hi2_38	25	CA1_hi2_38	BulkSeq_hi2_38	CA1	CA1_hi2_38	hi2	38	BA36_CA1_hi2_38_1	P28	Hippocampus (posterior)	15	Female
570	BA36	CA1_hi2_41	28	CA1_hi2_41	BulkSeq_hi2_41	CA1	CA1_hi2_41	hi2	41	BA36_CA1_hi2_41_1	P28	Hippocampus (posterior)	3	Female
571	BA36	CA1_hi2_42	29	CA1_hi2_42	BulkSeq_hi2_42	CA1	CA1_hi2_42	hi2	42	BA36_CA1_hi2_42_1	P28	Hippocampus (posterior)	15	Female
574	BA36	CA1_hi2_45	32	CA1_hi2_45	BulkSeq_hi2_45	CA1	CA1_hi2_45	hi2	45	BA36_CA1_hi2_45_1	P28	Hippocampus (posterior)	3	Female
575	BA37	CA1_hi2_46	1	CA1_hi2_46	BulkSeq_hi2_46	CA1	CA1_hi2_46	hi2	46	BA37_CA1_hi2_46_1	P29	Hippocampus (posterior)	15	Female
578	BA37	CA1_hi2_49	4	CA1_hi2_49	BulkSeq_hi2_49	CA1	CA1_hi2_49	hi2	49	BA37_CA1_hi2_49_1	P29	Hippocampus (posterior)	3	Female
579	BA37	CA1_hi2_50	13	CA1_hi2_50	BulkSeq_hi2_50	CA1	CA1_hi2_50	hi2	50	BA37_CA1_hi2_50_1	P29	Hippocampus (posterior)	15	Female
582	BA37	CA1_hi2_53	16	CA1_hi2_53	BulkSeq_hi2_53	CA1	CA1_hi2_53	hi2	53	BA37_CA1_hi2_53_1	P29	Hippocampus (posterior)	3	Female
585	BA37	CA1_vis_29	27	CA1_vis_29	BulkSeq_vis_29	CA1	CA1_vis_29	vis	29	BA37_CA1_vis_29_1	P29	Visual Cortex	3	Male
586	BA37	CA1_vis_30	28	CA1_vis_30	BulkSeq_vis_30	CA1	CA1_vis_30	vis	30	BA37_CA1_vis_30_1	P29	Visual Cortex	15	Male
589	BA37	CA1_vis_33	31	CA1_vis_33	BulkSeq_vis_33	CA1	CA1_vis_33	vis	33	BA37_CA1_vis_33_1	P29	Visual Cortex	3	Male
590	BA37	CA1_vis_34	32	CA1_vis_34	BulkSeq_vis_34	CA1	CA1_vis_34	vis	34	BA37_CA1_vis_34_1	P29	Visual Cortex	15	Male
591	BA38	CA1_hi2_54	1	CA1_hi2_54	BulkSeq_hi2_54	CA1	CA1_hi2_54	hi2	54	BA38_CA1_hi2_54_1	P29	Hippocampus (posterior)	15	Female
597	BA38	CA1_vis_1	15	CA1_vis_1	BulkSeq_vis_1	CA1	CA1_vis_1	vis	1	BA38_CA1_vis_1_1	P29	Visual Cortex	12	Female
601	BA38	CA1_vis_37	27	CA1_vis_37	BulkSeq_vis_37	CA1	CA1_vis_37	vis	37	BA38_CA1_vis_37_1	P29	Visual Cortex	3	Female
602	BA38	CA1_vis_38	28	CA1_vis_38	BulkSeq_vis_38	CA1	CA1_vis_38	vis	38	BA38_CA1_vis_38_1	P29	Visual Cortex	15	Female
605	BA38	CA1_vis_41	31	CA1_vis_41	BulkSeq_vis_41	CA1	CA1_vis_41	vis	41	BA38_CA1_vis_41_1	P29	Visual Cortex	3	Female
606	BA38	CA1_vis_42	32	CA1_vis_42	BulkSeq_vis_42	CA1	CA1_vis_42	vis	42	BA38_CA1_vis_42_1	P29	Visual Cortex	15	Female
607	BA39	CA1_hi2_3	1	CA1_hi2_3	BulkSeq_hi2_3	CA1	CA1_hi2_3	hi2	3	BA39_CA1_hi2_3_1	P29	Hippocampus (posterior)	12	Male
609	BA39	CA1_vis_6	4	CA1_vis_6	BulkSeq_vis_6	CA1	CA1_vis_6	vis	6	BA39_CA1_vis_6_1	P29	Visual Cortex	12	Male
610	BA39	CA1_vis_7	13	CA1_vis_7	BulkSeq_vis_7	CA1	CA1_vis_7	vis	7	BA39_CA1_vis_7_1	P29	Visual Cortex	12	Female
613	BA39	CA1_vis_10	16	CA1_vis_10	BulkSeq_vis_10	CA1	CA1_vis_10	vis	10	BA39_CA1_vis_10_1	P29	Visual Cortex	12	Female
616	BA39	CA1_vis_45	27	CA1_vis_45	BulkSeq_vis_45	CA1	CA1_vis_45	vis	45	BA39_CA1_vis_45_1	P29	Visual Cortex	3	Female
617	BA39	CA1_vis_46	28	CA1_vis_46	BulkSeq_vis_46	CA1	CA1_vis_46	vis	46	BA39_CA1_vis_46_1	P29	Visual Cortex	15	Female
620	BA39	CA1_vis_49	31	CA1_vis_49	BulkSeq_vis_49	CA1	CA1_vis_49	vis	49	BA39_CA1_vis_49_1	P29	Visual Cortex	3	Female
621	BA39	CA1_vis_50	32	CA1_vis_50	BulkSeq_vis_50	CA1	CA1_vis_50	vis	50	BA39_CA1_vis_50_1	P29	Visual Cortex	15	Female
623	BA40	CA1_vis_13	3	CA1_vis_13	BulkSeq_vis_13	CA1	CA1_vis_13	vis	13	BA40_CA1_vis_13_1	P29	Visual Cortex	12	Female
625	BA40	CA1_vis_15	13	CA1_vis_15	BulkSeq_vis_15	CA1	CA1_vis_15	vis	15	BA40_CA1_vis_15_1	P29	Visual Cortex	12	Male
627	BA40	CA1_vis_17	15	CA1_vis_17	BulkSeq_vis_17	CA1	CA1_vis_17	vis	17	BA40_CA1_vis_17_1	P29	Visual Cortex	3	Male
628	BA40	CA1_vis_18	16	CA1_vis_18	BulkSeq_vis_18	CA1	CA1_vis_18	vis	18	BA40_CA1_vis_18_1	P29	Visual Cortex	15	Male
630	BA40	CA1_ent_1	26	CA1_ent_1	BulkSeq_ent_1	CA1	CA1_ent_1	ent	1	BA40_CA1_ent_1_1	P29	Entorhinal cortex	12	Female
631	BA40	CA1_ent_3	28	CA1_ent_3	BulkSeq_ent_3	CA1	CA1_ent_3	ent	3	BA40_CA1_ent_3_1	P29	Entorhinal cortex	12	Male
633	BA40	CA1_ent_6	31	CA1_ent_6	BulkSeq_ent_6	CA1	CA1_ent_6	ent	6	BA40_CA1_ent_6_1	P29	Entorhinal cortex	12	Male
634	BA40	CA1_ent_7	32	CA1_ent_7	BulkSeq_ent_7	CA1	CA1_ent_7	ent	7	BA40_CA1_ent_7_1	P29	Entorhinal cortex	12	Female
637	BA41	CA1_vis_21	3	CA1_vis_21	BulkSeq_vis_21	CA1	CA1_vis_21	vis	21	BA41_CA1_vis_21_1	P29	Visual Cortex	3	Male
638	BA41	CA1_vis_22	4	CA1_vis_22	BulkSeq_vis_22	CA1	CA1_vis_22	vis	22	BA41_CA1_vis_22_1	P29	Visual Cortex	15	Male
641	BA41	CA1_vis_25	15	CA1_vis_25	BulkSeq_vis_25	CA1	CA1_vis_25	vis	25	BA41_CA1_vis_25_1	P29	Visual Cortex	3	Male
642	BA41	CA1_vis_26	16	CA1_vis_26	BulkSeq_vis_26	CA1	CA1_vis_26	vis	26	BA41_CA1_vis_26_1	P29	Visual Cortex	15	Male
644	BA41	CA1_ent_9	26	CA1_ent_9	BulkSeq_ent_9	CA1	CA1_ent_9	ent	9	BA41_CA1_ent_9_1	P29	Entorhinal cortex	12	Male
645	BA41	CA1_ent_10	27	CA1_ent_10	BulkSeq_ent_10	CA1	CA1_ent_10	ent	10	BA41_CA1_ent_10_1	P29	Entorhinal cortex	12	Female
647	BA41	CA1_ent_12	29	CA1_ent_12	BulkSeq_ent_12	CA1	CA1_ent_12	ent	12	BA41_CA1_ent_12_1	P29	Entorhinal cortex	12	Male
648	BA41	CA1_ent_13	30	CA1_ent_13	BulkSeq_ent_13	CA1	CA1_ent_13	ent	13	BA41_CA1_ent_13_1	P29	Entorhinal cortex	12	Female
650	BA41	CA1_ent_15	32	CA1_ent_15	BulkSeq_ent_15	CA1	CA1_ent_15	ent	15	BA41_CA1_ent_15_1	P29	Entorhinal cortex	12	Male
653	BA42	CA1_vis_53	3	CA1_vis_53	BulkSeq_vis_53	CA1	CA1_vis_53	vis	53	BA42_CA1_vis_53_1	P29	Visual Cortex	3	Female
654	BA42	CA1_vis_54	4	CA1_vis_54	BulkSeq_vis_54	CA1	CA1_vis_54	vis	54	BA42_CA1_vis_54_1	P29	Visual Cortex	15	Female
660	BA42	CA1_ent_17	26	CA1_ent_17	BulkSeq_ent_17	CA1	CA1_ent_17	ent	17	BA42_CA1_ent_17_1	P29	Entorhinal cortex	3	Male
661	BA42	CA1_ent_18	27	CA1_ent_18	BulkSeq_ent_18	CA1	CA1_ent_18	ent	18	BA42_CA1_ent_18_1	P29	Entorhinal cortex	15	Male
664	BA42	CA1_ent_21	30	CA1_ent_21	BulkSeq_ent_21	CA1	CA1_ent_21	ent	21	BA42_CA1_ent_21_1	P29	Entorhinal cortex	3	Male
665	BA42	CA1_ent_22	31	CA1_ent_22	BulkSeq_ent_22	CA1	CA1_ent_22	ent	22	BA42_CA1_ent_22_1	P29	Entorhinal cortex	15	Male
668	BA43	CA1_ent_25	2	CA1_ent_25	BulkSeq_ent_25	CA1	CA1_ent_25	ent	25	BA43_CA1_ent_25_1	P30	Entorhinal cortex	3	Male
669	BA43	CA1_ent_26	3	CA1_ent_26	BulkSeq_ent_26	CA1	CA1_ent_26	ent	26	BA43_CA1_ent_26_1	P30	Entorhinal cortex	15	Male
672	BA43	CA1_ent_29	14	CA1_ent_29	BulkSeq_ent_29	CA1	CA1_ent_29	ent	29	BA43_CA1_ent_29_1	P30	Entorhinal cortex	3	Male
673	BA43	CA1_ent_30	15	CA1_ent_30	BulkSeq_ent_30	CA1	CA1_ent_30	ent	30	BA43_CA1_ent_30_1	P30	Entorhinal cortex	15	Male
684	BA44	CA1_ent_33	2	CA1_ent_33	BulkSeq_ent_33	CA1	CA1_ent_33	ent	33	BA44_CA1_ent_33_1	P30	Entorhinal cortex	3	Male
685	BA44	CA1_ent_34	3	CA1_ent_34	BulkSeq_ent_34	CA1	CA1_ent_34	ent	34	BA44_CA1_ent_34_1	P30	Entorhinal cortex	15	Male
688	BA44	CA1_ent_37	14	CA1_ent_37	BulkSeq_ent_37	CA1	CA1_ent_37	ent	37	BA44_CA1_ent_37_1	P30	Entorhinal cortex	3	Female
689	BA44	CA1_ent_38	15	CA1_ent_38	BulkSeq_ent_38	CA1	CA1_ent_38	ent	38	BA44_CA1_ent_38_1	P30	Entorhinal cortex	15	Female
700	BA45	CA1_ent_41	2	CA1_ent_41	BulkSeq_ent_41	CA1	CA1_ent_41	ent	41	BA45_CA1_ent_41_1	P30	Entorhinal cortex	3	Female
701	BA45	CA1_ent_42	3	CA1_ent_42	BulkSeq_ent_42	CA1	CA1_ent_42	ent	42	BA45_CA1_ent_42_1	P30	Entorhinal cortex	15	Female
704	BA45	CA1_ent_45	14	CA1_ent_45	BulkSeq_ent_45	CA1	CA1_ent_45	ent	45	BA45_CA1_ent_45_1	P30	Entorhinal cortex	3	Female
705	BA45	CA1_ent_46	15	CA1_ent_46	BulkSeq_ent_46	CA1	CA1_ent_46	ent	46	BA45_CA1_ent_46_1	P30	Entorhinal cortex	15	Female
716	BA46	CA1_ent_49	2	CA1_ent_49	BulkSeq_ent_49	CA1	CA1_ent_49	ent	49	BA46_CA1_ent_49_1	P30	Entorhinal cortex	3	Female
717	BA46	CA1_ent_50	3	CA1_ent_50	BulkSeq_ent_50	CA1	CA1_ent_50	ent	50	BA46_CA1_ent_50_1	P30	Entorhinal cortex	15	Female
720	BA46	CA1_ent_53	14	CA1_ent_53	BulkSeq_ent_53	CA1	CA1_ent_53	ent	53	BA46_CA1_ent_53_1	P30	Entorhinal cortex	3	Female
721	BA46	CA1_ent_54	15	CA1_ent_54	BulkSeq_ent_54	CA1	CA1_ent_54	ent	54	BA46_CA1_ent_54_1	P30	Entorhinal cortex	15	Female
739	BA47	CA1_hy_15	25	CA1_hy_15	BulkSeq_hy_15	CA1	CA1_hy_15	hy	15	BA47_CA1_hy_15_1	P30	Hypothalamus	12	Male
741	BA47	CA1_hy_17	27	CA1_hy_17	BulkSeq_hy_17	CA1	CA1_hy_17	hy	17	BA47_CA1_hy_17_1	P30	Hypothalamus	3	Male
742	BA47	CA1_hy_18	28	CA1_hy_18	BulkSeq_hy_18	CA1	CA1_hy_18	hy	18	BA47_CA1_hy_18_1	P30	Hypothalamus	15	Male
745	BA47	CA1_hy_21	31	CA1_hy_21	BulkSeq_hy_21	CA1	CA1_hy_21	hy	21	BA47_CA1_hy_21_1	P30	Hypothalamus	3	Male
746	BA47	CA1_hy_22	32	CA1_hy_22	BulkSeq_hy_22	CA1	CA1_hy_22	hy	22	BA47_CA1_hy_22_1	P30	Hypothalamus	15	Male
757	BA48	CA1_hy_25	27	CA1_hy_25	BulkSeq_hy_25	CA1	CA1_hy_25	hy	25	BA48_CA1_hy_25_1	P30	Hypothalamus	3	Male
758	BA48	CA1_hy_26	28	CA1_hy_26	BulkSeq_hy_26	CA1	CA1_hy_26	hy	26	BA48_CA1_hy_26_1	P30	Hypothalamus	15	Male
761	BA48	CA1_hy_29	31	CA1_hy_29	BulkSeq_hy_29	CA1	CA1_hy_29	hy	29	BA48_CA1_hy_29_1	P30	Hypothalamus	3	Male
762	BA48	CA1_hy_30	32	CA1_hy_30	BulkSeq_hy_30	CA1	CA1_hy_30	hy	30	BA48_CA1_hy_30_1	P30	Hypothalamus	15	Male
786	BA50	CA1_pon_1	16	CA1_pon_1	BulkSeq_pon_1	CA1	CA1_pon_1	pon	1	BA50_CA1_pon_1_1	P31	Pons	12	Female
788	BA50	CA1_pon_3	26	CA1_pon_3	BulkSeq_pon_3	CA1	CA1_pon_3	pon	3	BA50_CA1_pon_3_1	P31	Pons	12	Male
791	BA50	CA1_pon_6	29	CA1_pon_6	BulkSeq_pon_6	CA1	CA1_pon_6	pon	6	BA50_CA1_pon_6_1	P31	Pons	12	Male
792	BA50	CA1_pon_7	30	CA1_pon_7	BulkSeq_pon_7	CA1	CA1_pon_7	pon	7	BA50_CA1_pon_7_1	P31	Pons	12	Female
794	BA50	CA1_pon_9	32	CA1_pon_9	BulkSeq_pon_9	CA1	CA1_pon_9	pon	9	BA50_CA1_pon_9_1	P31	Pons	12	Male
795	BA51	CA1_pon_10	1	CA1_pon_10	BulkSeq_pon_10	CA1	CA1_pon_10	pon	10	BA51_CA1_pon_10_1	P31	Pons	12	Female
797	BA51	CA1_pon_12	3	CA1_pon_12	BulkSeq_pon_12	CA1	CA1_pon_12	pon	12	BA51_CA1_pon_12_1	P31	Pons	12	Male
798	BA51	CA1_pon_13	4	CA1_pon_13	BulkSeq_pon_13	CA1	CA1_pon_13	pon	13	BA51_CA1_pon_13_1	P31	Pons	12	Female
800	BA51	CA1_pon_15	14	CA1_pon_15	BulkSeq_pon_15	CA1	CA1_pon_15	pon	15	BA51_CA1_pon_15_1	P31	Pons	12	Male
802	BA51	CA1_pon_17	16	CA1_pon_17	BulkSeq_pon_17	CA1	CA1_pon_17	pon	17	BA51_CA1_pon_17_1	P31	Pons	3	Male
805	BA51	CA1_cer_1	27	CA1_cer_1	BulkSeq_cer_1	CA1	CA1_cer_1	cer	1	BA51_CA1_cer_1_1	P31	Cerebellum	12	Female
807	BA51	CA1_cer_3	29	CA1_cer_3	BulkSeq_cer_3	CA1	CA1_cer_3	cer	3	BA51_CA1_cer_3_1	P31	Cerebellum	12	Male
810	BA51	CA1_cer_6	32	CA1_cer_6	BulkSeq_cer_6	CA1	CA1_cer_6	cer	6	BA51_CA1_cer_6_1	P31	Cerebellum	12	Male
811	BA52	CA1_pon_18	1	CA1_pon_18	BulkSeq_pon_18	CA1	CA1_pon_18	pon	18	BA52_CA1_pon_18_1	P31	Pons	15	Male
814	BA52	CA1_pon_21	4	CA1_pon_21	BulkSeq_pon_21	CA1	CA1_pon_21	pon	21	BA52_CA1_pon_21_1	P31	Pons	3	Male
815	BA52	CA1_pon_22	13	CA1_pon_22	BulkSeq_pon_22	CA1	CA1_pon_22	pon	22	BA52_CA1_pon_22_1	P31	Pons	15	Male
818	BA52	CA1_pon_25	16	CA1_pon_25	BulkSeq_pon_25	CA1	CA1_pon_25	pon	25	BA52_CA1_pon_25_1	P31	Pons	3	Male
819	BA52	CA1_cer_7	25	CA1_cer_7	BulkSeq_cer_7	CA1	CA1_cer_7	cer	7	BA52_CA1_cer_7_1	P31	Cerebellum	12	Female
821	BA52	CA1_cer_9	27	CA1_cer_9	BulkSeq_cer_9	CA1	CA1_cer_9	cer	9	BA52_CA1_cer_9_1	P31	Cerebellum	12	Male
822	BA52	CA1_cer_10	28	CA1_cer_10	BulkSeq_cer_10	CA1	CA1_cer_10	cer	10	BA52_CA1_cer_10_1	P31	Cerebellum	12	Female
824	BA52	CA1_cer_12	30	CA1_cer_12	BulkSeq_cer_12	CA1	CA1_cer_12	cer	12	BA52_CA1_cer_12_1	P31	Cerebellum	12	Male
825	BA52	CA1_cer_13	31	CA1_cer_13	BulkSeq_cer_13	CA1	CA1_cer_13	cer	13	BA52_CA1_cer_13_1	P31	Cerebellum	12	Female
830	BA53	CA1_pon_29	4	CA1_pon_29	BulkSeq_pon_29	CA1	CA1_pon_29	pon	29	BA53_CA1_pon_29_1	P31	Pons	3	Male
831	BA53	CA1_pon_30	13	CA1_pon_30	BulkSeq_pon_30	CA1	CA1_pon_30	pon	30	BA53_CA1_pon_30_1	P31	Pons	15	Male
834	BA53	CA1_pon_33	16	CA1_pon_33	BulkSeq_pon_33	CA1	CA1_pon_33	pon	33	BA53_CA1_pon_33_1	P31	Pons	3	Male
835	BA53	CA1_cer_15	25	CA1_cer_15	BulkSeq_cer_15	CA1	CA1_cer_15	cer	15	BA53_CA1_cer_15_1	P31	Cerebellum	12	Male
837	BA53	CA1_cer_17	27	CA1_cer_17	BulkSeq_cer_17	CA1	CA1_cer_17	cer	17	BA53_CA1_cer_17_1	P31	Cerebellum	3	Male
838	BA53	CA1_cer_18	28	CA1_cer_18	BulkSeq_cer_18	CA1	CA1_cer_18	cer	18	BA53_CA1_cer_18_1	P31	Cerebellum	15	Male
841	BA53	CA1_cer_21	31	CA1_cer_21	BulkSeq_cer_21	CA1	CA1_cer_21	cer	21	BA53_CA1_cer_21_1	P31	Cerebellum	3	Male
846	BA54	CA1_pon_37	4	CA1_pon_37	BulkSeq_pon_37	CA1	CA1_pon_37	pon	37	BA54_CA1_pon_37_1	P31	Pons	3	Female
847	BA54	CA1_pon_38	13	CA1_pon_38	BulkSeq_pon_38	CA1	CA1_pon_38	pon	38	BA54_CA1_pon_38_1	P31	Pons	15	Female
850	BA54	CA1_pon_41	16	CA1_pon_41	BulkSeq_pon_41	CA1	CA1_pon_41	pon	41	BA54_CA1_pon_41_1	P31	Pons	3	Female
853	BA54	CA1_cer_25	27	CA1_cer_25	BulkSeq_cer_25	CA1	CA1_cer_25	cer	25	BA54_CA1_cer_25_1	P31	Cerebellum	3	Male
854	BA54	CA1_cer_26	28	CA1_cer_26	BulkSeq_cer_26	CA1	CA1_cer_26	cer	26	BA54_CA1_cer_26_1	P31	Cerebellum	15	Male
858	BA54	CA1_cer_30	32	CA1_cer_30	BulkSeq_cer_30	CA1	CA1_cer_30	cer	30	BA54_CA1_cer_30_1	P31	Cerebellum	15	Male
861	BA55	CA1_cer_41	3	CA1_cer_41	BulkSeq_cer_41	CA1	CA1_cer_41	cer	41	BA55_CA1_cer_41_1	P32	Cerebellum	3	Female
862	BA55	CA1_cer_42	4	CA1_cer_42	BulkSeq_cer_42	CA1	CA1_cer_42	cer	42	BA55_CA1_cer_42_1	P32	Cerebellum	15	Female
865	BA55	CA1_cer_45	15	CA1_cer_45	BulkSeq_cer_45	CA1	CA1_cer_45	cer	45	BA55_CA1_cer_45_1	P32	Cerebellum	3	Female
866	BA55	CA1_cer_46	16	CA1_cer_46	BulkSeq_cer_46	CA1	CA1_cer_46	cer	46	BA55_CA1_cer_46_1	P32	Cerebellum	15	Female
872	BA55	CA1_med_1	30	CA1_med_1	BulkSeq_med_1	CA1	CA1_med_1	med	1	BA55_CA1_med_1_1	P32	Medulla	12	Female
874	BA55	CA1_med_3	32	CA1_med_3	BulkSeq_med_3	CA1	CA1_med_3	med	3	BA55_CA1_med_3_1	P32	Medulla	12	Male
877	BA56	CA1_cer_49	3	CA1_cer_49	BulkSeq_cer_49	CA1	CA1_cer_49	cer	49	BA56_CA1_cer_49_1	P32	Cerebellum	3	Female
878	BA56	CA1_cer_50	4	CA1_cer_50	BulkSeq_cer_50	CA1	CA1_cer_50	cer	50	BA56_CA1_cer_50_1	P32	Cerebellum	15	Female
881	BA56	CA1_cer_53	15	CA1_cer_53	BulkSeq_cer_53	CA1	CA1_cer_53	cer	53	BA56_CA1_cer_53_1	P32	Cerebellum	3	Female
882	BA56	CA1_cer_54	16	CA1_cer_54	BulkSeq_cer_54	CA1	CA1_cer_54	cer	54	BA56_CA1_cer_54_1	P32	Cerebellum	15	Female
885	BA56	CA1_med_6	27	CA1_med_6	BulkSeq_med_6	CA1	CA1_med_6	med	6	BA56_CA1_med_6_1	P32	Medulla	12	Male
886	BA56	CA1_med_7	28	CA1_med_7	BulkSeq_med_7	CA1	CA1_med_7	med	7	BA56_CA1_med_7_1	P32	Medulla	12	Female
888	BA56	CA1_med_9	30	CA1_med_9	BulkSeq_med_9	CA1	CA1_med_9	med	9	BA56_CA1_med_9_1	P32	Medulla	12	Male
889	BA56	CA1_med_10	31	CA1_med_10	BulkSeq_med_10	CA1	CA1_med_10	med	10	BA56_CA1_med_10_1	P32	Medulla	12	Female
891	BA57	CA1_med_12	1	CA1_med_12	BulkSeq_med_12	CA1	CA1_med_12	med	12	BA57_CA1_med_12_1	P32	Medulla	12	Male
892	BA57	CA1_med_13	2	CA1_med_13	BulkSeq_med_13	CA1	CA1_med_13	med	13	BA57_CA1_med_13_1	P32	Medulla	12	Female
894	BA57	CA1_med_15	4	CA1_med_15	BulkSeq_med_15	CA1	CA1_med_15	med	15	BA57_CA1_med_15_1	P32	Medulla	12	Male
896	BA57	CA1_med_17	14	CA1_med_17	BulkSeq_med_17	CA1	CA1_med_17	med	17	BA57_CA1_med_17_1	P32	Medulla	3	Male
897	BA57	CA1_med_18	15	CA1_med_18	BulkSeq_med_18	CA1	CA1_med_18	med	18	BA57_CA1_med_18_1	P32	Medulla	15	Male
900	BA57	CA1_med_21	26	CA1_med_21	BulkSeq_med_21	CA1	CA1_med_21	med	21	BA57_CA1_med_21_1	P32	Medulla	3	Male
901	BA57	CA1_med_22	27	CA1_med_22	BulkSeq_med_22	CA1	CA1_med_22	med	22	BA57_CA1_med_22_1	P32	Medulla	15	Male
904	BA57	CA1_med_25	30	CA1_med_25	BulkSeq_med_25	CA1	CA1_med_25	med	25	BA57_CA1_med_25_1	P32	Medulla	3	Male
905	BA57	CA1_med_26	31	CA1_med_26	BulkSeq_med_26	CA1	CA1_med_26	med	26	BA57_CA1_med_26_1	P32	Medulla	15	Male
908	BA58	CA1_med_29	2	CA1_med_29	BulkSeq_med_29	CA1	CA1_med_29	med	29	BA58_CA1_med_29_1	P32	Medulla	3	Male
909	BA58	CA1_med_30	3	CA1_med_30	BulkSeq_med_30	CA1	CA1_med_30	med	30	BA58_CA1_med_30_1	P32	Medulla	15	Male
912	BA58	CA1_med_33	14	CA1_med_33	BulkSeq_med_33	CA1	CA1_med_33	med	33	BA58_CA1_med_33_1	P32	Medulla	3	Male
913	BA58	CA1_med_34	15	CA1_med_34	BulkSeq_med_34	CA1	CA1_med_34	med	34	BA58_CA1_med_34_1	P32	Medulla	15	Male
916	BA58	CA1_med_37	26	CA1_med_37	BulkSeq_med_37	CA1	CA1_med_37	med	37	BA58_CA1_med_37_1	P32	Medulla	3	Female
917	BA58	CA1_med_38	27	CA1_med_38	BulkSeq_med_38	CA1	CA1_med_38	med	38	BA58_CA1_med_38_1	P32	Medulla	15	Female
920	BA58	CA1_med_41	30	CA1_med_41	BulkSeq_med_41	CA1	CA1_med_41	med	41	BA58_CA1_med_41_1	P32	Medulla	3	Female
921	BA58	CA1_med_42	31	CA1_med_42	BulkSeq_med_42	CA1	CA1_med_42	med	42	BA58_CA1_med_42_1	P32	Medulla	15	Female
924	BA59	CA1_med_45	2	CA1_med_45	BulkSeq_med_45	CA1	CA1_med_45	med	45	BA59_CA1_med_45_1	P32	Medulla	3	Female
925	BA59	CA1_med_46	3	CA1_med_46	BulkSeq_med_46	CA1	CA1_med_46	med	46	BA59_CA1_med_46_1	P32	Medulla	15	Female
927	BA59	CA1_med_49	13	CA1_med_49	BulkSeq_med_49	CA1	CA1_med_49	med	49	BA59_CA1_med_49_1	P32	Medulla	3	Female
929	BA59	CA1_med_50	15	CA1_med_50	BulkSeq_med_50	CA1	CA1_med_50	med	50	BA59_CA1_med_50_1	P32	Medulla	15	Female
932	BA59	CA1_med_53	26	CA1_med_53	BulkSeq_med_53	CA1	CA1_med_53	med	53	BA59_CA1_med_53_1	P32	Medulla	3	Female
933	BA59	CA1_med_54	27	CA1_med_54	BulkSeq_med_54	CA1	CA1_med_54	med	54	BA59_CA1_med_54_1	P32	Medulla	15	Female
